INSERT INTO public.core_typeperson (type_id, type, state, created_at, updated) VALUES (1, 'Actor_Actress', true, '2023-11-09 11:50:25.578231-05', '2023-11-09 11:50:25.578231-05');
INSERT INTO public.core_typeperson (type_id, type, state, created_at, updated) VALUES (2, 'Director', true, '2023-11-09 11:50:30.097294-05', '2023-11-09 11:50:30.097294-05');
INSERT INTO public.core_typeperson (type_id, type, state, created_at, updated) VALUES (3, 'Producer', true, '2023-11-09 11:50:34.548416-05', '2023-11-09 11:50:34.548416-05');


INSERT INTO public.core_person (person_id, lastname, firstname, aliases, photo, state, created_at, updated, typeperson_id) VALUES (1, 'Silvestre', 'Stallone', 'Rocky', 'person/rocky.jpeg', true, '2023-11-09 11:50:58.611486-05', '2023-11-09 11:50:58.611486-05', 1);
INSERT INTO public.core_person (person_id, lastname, firstname, aliases, photo, state, created_at, updated, typeperson_id) VALUES (2, 'Will', 'Smith', 'EL PRINCIPE', 'person/will.jpeg', true, '2023-11-09 11:51:13.957127-05', '2023-11-09 11:51:13.957127-05', 1);
INSERT INTO public.core_person (person_id, lastname, firstname, aliases, photo, state, created_at, updated, typeperson_id) VALUES (3, 'Maria', 'Perez', 'Maria', 'person/actric2.jpeg', true, '2023-11-09 11:51:27.397162-05', '2023-11-09 11:51:27.397162-05', 2);
INSERT INTO public.core_person (person_id, lastname, firstname, aliases, photo, state, created_at, updated, typeperson_id) VALUES (4, 'Selena', 'Perez', 'Selena', 'person/maria1.png', true, '2023-11-09 11:51:56.936901-05', '2023-11-09 11:51:56.936901-05', 3);

INSERT INTO public.core_genre (id, genre, state, created_at, updated) VALUES (1, 'Horror', true, '2023-11-09 11:52:45.700338-05', '2023-11-09 11:52:45.700338-05');
INSERT INTO public.core_genre (id, genre, state, created_at, updated) VALUES (2, 'Drama', true, '2023-11-09 11:52:50.05158-05', '2023-11-09 11:52:50.05158-05');
INSERT INTO public.core_genre (id, genre, state, created_at, updated) VALUES (3, 'Comedy', true, '2023-11-09 11:52:54.64513-05', '2023-11-09 11:52:54.64513-05');
INSERT INTO public.core_genre (id, genre, state, created_at, updated) VALUES (4, 'Action', true, '2023-11-09 11:53:01.253053-05', '2023-11-09 11:53:01.253053-05');


INSERT INTO public.core_movie (movie_id, title, sipnosis, release_year, lenguage, top, state, created_at, updated, genre_id) VALUES (2, 'Critters', 'Ocho alienígenas hambrientos llegan a la Tierra buscando alimento. En su camino se encuentran con la familia Brown que, sin saberlo, se convierte en el plato principal de su menú. Sin embargo, los Brown contarán con la ayuda inesperada de una pareja de cazadores intergalácticos... Inspirada en "Gremlins", filme de bichos peligrosos que gozó de considerable apoyo entre los fanáticos del género, conociendo hasta 3 secuelas.', 1991, 'English', 'https://res.cloudinary.com/dream-music/image/upload/v1664467608/tapas/tapa3_jx2dh8.jpg', true, '2023-11-09 11:54:13.430188-05', '2023-11-09 16:24:55.16895-05', 1);
INSERT INTO public.core_movie (movie_id, title, sipnosis, release_year, lenguage, top, state, created_at, updated, genre_id) VALUES (1, 'ContraReloj', 'Liam Neeson, el reconocido ícono del cine de acción, no muestra signos de desaceleración en su carrera. Con una filmografía que abarca décadas y que ha abordado desde dramas históricos hasta thrillers intensos, Neeson ha demostrado una y otra vez su habilidad para capturar la atención del público. Su más reciente película, Contrarreloj (Retribution), es una prueba más de su compromiso con el género que lo ha consolidado como una estrella internacional. El film tiene previsto su estreno en América Latina entre agosto y septiembre de este año.', 2022, 'English', 'https://res.cloudinary.com/dream-music/image/upload/v1664467608/tapas/pelicula2_exx41s.jpg', true, '2023-11-09 11:53:39.835038-05', '2023-11-09 16:26:14.219397-05', 4);
INSERT INTO public.core_movie (movie_id, title, sipnosis, release_year, lenguage, top, state, created_at, updated, genre_id) VALUES (3, 'Mas Alla de la Vida', 'Más allá de la vida (Hereafter, en su versión original) es una película de género drama-fantasía (2010) dirigida por Clint Eastwood. Narra tres historias paralelas acerca de tres personas afectadas de diferentes formas por la muerte: George, que tiene la habilidad de comunicarse con los muertos, Marie, que sobrevive a un tsunami, y Marcus, un niño que pierde a Jason, su hermano gemelo.', 1997, 'English', 'https://res.cloudinary.com/dream-music/image/upload/v1664467607/tapas/pelicula3_brmie5.jpg', true, '2023-11-09 16:27:16.08059-05', '2023-11-09 16:27:16.08059-05', 4);
INSERT INTO public.core_movie (movie_id, title, sipnosis, release_year, lenguage, top, state, created_at, updated, genre_id) VALUES (4, 'Tu Mejor Amigo', 'Basado en el best seller A Dog’s Purpose de W. Bruce Cameron, Lasse Hallström (Un viaje de diez metros) dirige esta película escrita por Cathryn Michon (Muffin Top: A Love Story). Josh Gad (La bella y la bestia, Angry Birds: La película) es el encargado de dar voz al perro protagonista y su reparto se completa con Britt Robertson (Tomorrowland: El mundo del mañana), Dennis Quaid (Qué esperar cuando estás esperando), Peggy Lipton (En la boda de mi hermana) y Luke Kirby (Take This Waltz), entre otros.', 1996, 'English', 'https://res.cloudinary.com/dream-music/image/upload/v1664467607/tapas/pelicula1_tnlhbe.jpg', true, '2023-11-09 16:28:25.408672-05', '2023-11-09 16:28:25.408672-05', 3);
INSERT INTO public.core_movie (movie_id, title, sipnosis, release_year, lenguage, top, state, created_at, updated, genre_id) VALUES (5, 'Monk', 'En la película, Monk, un brillante detective residente en San Francisco con trastorno obsesivo-compulsivo, regresa para resolver un último caso muy personal que involucra a su amada hijastra Molly, una periodista que se prepara para su boda.', 2020, 'English', 'https://res.cloudinary.com/dream-music/image/upload/v1664467608/tapas/monk_bleidg.jpg', true, '2023-11-09 16:30:30.320206-05', '2023-11-09 16:30:30.320206-05', 3);
INSERT INTO public.core_movie (movie_id, title, sipnosis, release_year, lenguage, top, state, created_at, updated, genre_id) VALUES (6, 'Escape en New York', 'Año 1997. El avión del presidente de los Estados Unidos es secuestrado por un grupo radical, pero consigue sobrevivir y se encuentra solo en las calles de Nueva York, donde Manhattan se ha convertido en una enorme prisión de alta seguridad. Ante la imposibilidad de lanzar una acción convencional, por miedo a que maten al presidente, se decide enviar a un agente secreto para rescatarlo. El elegido es "Serpiente" Plissken (Kurt Russell), un conocido convicto al que todos daban por muerto. (FILMAFFINITY)', 1990, 'English', 'https://res.cloudinary.com/dream-music/image/upload/v1664467607/tapas/tapa1_vpq1ng.jpg', true, '2023-11-09 16:31:31.199969-05', '2023-11-09 16:31:31.199969-05', 4);
INSERT INTO public.core_movie (movie_id, title, sipnosis, release_year, lenguage, top, state, created_at, updated, genre_id) VALUES (7, 'Celebrity Sex Tape', 'Un grupo de nerds universitarios secretamente graban una celebridad varada teniendo sexo y envían la cinta a través de Internet. Cuando la publicidad revive la carrera de la actriz, cada celebridad de segunda categoría , rechazada de reality show  y celebutante de Hollywood quiere ser la estrella en la siguiente "producción" de los chicos.', 2019, 'English', 'https://res.cloudinary.com/dream-music/image/upload/v1664467607/tapas/pelicula4_nwoxuy.jpg', true, '2023-11-09 16:33:00.445937-05', '2023-11-09 16:33:00.445937-05', 3);
INSERT INTO public.core_movie (movie_id, title, sipnosis, release_year, lenguage, top, state, created_at, updated, genre_id) VALUES (8, 'The Dead', 'The Dead (conocida como Dublineses (Los muertos) en España y Desde ahora y para siempre en Hispanoamérica) es una película de 1987 dirigida por John Huston. Es la adaptación cinematográfica del relato «Los muertos», perteneciente a la obra Dublineses, de James Joyce.1​', 2011, 'English', 'https://res.cloudinary.com/dream-music/image/upload/v1664467608/tapas/tapa2_xqvd7u.jpg', true, '2023-11-09 16:35:06.989009-05', '2023-11-09 16:35:06.989009-05', 1);


